,precision,recall,f1-score,support
negative,0.8530778164924506,0.8555620267909144,0.8543181157313172,1717.0
neutral,0.6532951289398281,0.6368715083798883,0.6449787835926449,716.0
positive,0.6695278969957081,0.6887417218543046,0.6789989118607181,453.0
accuracy,0.7751212751212752,0.7751212751212752,0.7751212751212752,0.7751212751212752
macro avg,0.725300280809329,0.7270584190083692,0.7260986037282268,2886.0
weighted avg,0.774702030692138,0.7751212751212752,0.774863312832956,2886.0
